Pregunta,Respuesta,Tema
¿Cómo me inscribo a una materia?,"Cada cuatrimestre, la UNS habilita un período de inscripción a materias, el cual suele transcurrir durante las primeras semanas del cuatrimestre y es publicado oportunamente en el Calendario Académico de la UNS. Durante ese período deberás realizar la inscripción a materias para el cuatrimestre en curso a través de Guaraní3W, iniciando sesión con el usuario y clave que se te haya asignado con el trámite de ingreso. Luego, yendo a Cursadas > Inscripción, deberás elegir -entre las asignaturas que se muestran en la columna de la izquierda- las que vas a cursar en ese cuatrimestre.Las inscripciones a las materias se realizan a través de Guarani3W, Primero debés iniciar sesión con el usuario y clave que se te asignaron en el trámite de ingreso.Luego, ingresá a la opción Cursadas > Inscripción.Por último, elegí las materias que vas a cursar este cuatrimestre y efectivizá la inscripción!",Inscripción a materias
¿Cuándo me puedo inscribir a una materia?,"Cada cuatrimestre, la UNS habilita un período de inscripción a materias, el cual suele transcurrir durante las primeras semanas del cuatrimestre y es publicado oportunamente en el Calendario Académico de la UNS: https://www.uns.edu.ar/academicas/calendario-academico",Inscripción a materias
¿Qué significa que mi inscripción a una materia esté en estado PENDIENTE / ACEPTADA / EXCEPTUADA / RECHAZADA? Estados de inscripción.,"Ni bien te inscribas en las asignaturas, las inscripciones figurarán en estado pendiente.
Si para la fecha del control de correlativas no cumplís con los requisitos y correlatividades para cursar la materia, la inscripción pasará al estado rechazada, o se mantendrá en estado pendiente.
En ambos casos, no estás en condiciones para cursar la materia.
En cambio, si cumplís con todos los requisitos para la fecha del control de correlativas, tu inscripción quedará en estado aceptada.
En este caso, podes continuar con su cursado normalmente!
Por último, una inscripción a una materia aparece en estado exceptuada si es aceptada a través de una excepción.",Inscripción a materias
¿Qué necesito para cursar una materia? Donde verifico esto?,Los prerrequisitos o requisitos de correlatividad de las materias están listados en el plan de estudios de tu carrera.,Inscripción a materias
¿Puedo inscribirme para cursar una materia que es de otro cuatrimestre según mi plan de estudios?,"El plan de estudios de una carrera indica cuándo las materias deben ser dictadas preferencialmente, esto es, en qué cuatrimestre se asegura de que se dictarán las mismas. Esta característica no implica que únicamente se dicten en el cuatrimestre indicado sino que existen materias que se dictan en ambos cuatrimestres del año. Por ejemplo, entre las materias de las carreras del DCIC que se dictan los dos cuatrimestres del año se encuentran Análisis Matemático I, Elementos de Álgebra y de Geometría, Resolución de Problemas y Algoritmos e Introducción a la Programación Orientada a Objetos .
Teniendo esto en cuenta, un estudiante puede cursar una materia en cualquier cuatrimestre, siempre que esto sea posible (esto es, que la materia sea dictada). Sin embargo, es importante destacar los siguientes aspectos:
Por una parte, para poder cursar una materia o rendir su examen final, es necesario cumplir con las correlatividades y otros requisitos exigidos por el plan de estudios de la carrera. Por ejemplo, en el plan de estudios de la Ingeniería en Sistemas de Información, durante el segundo cuatrimestre del primer año se indica que un alumno podría cursar Introducción a la Programación Orientada a Objetos (IPOO), Lenguajes Formales y Autómatas (LFyA) e Introducción a la Ingeniería de Software (IIS). De estas tres materias, tanto IPOO como LFyA también son dictadas durante el primer cuatrimestre del año, pero exigen tener previamente aprobado el cursado de Resolución de Problemas y Algoritmos (RPA). De esta forma, en tanto no el alumno no tenga el cursado aprobado de RPA, no estará en condiciones de cursar IPOO o LFyA, independientemente de que se dicten o no durante el cuatrimestre que esté considerando. En resumen, dentro del plan de estudio deberá prestarse especial atención a las columnas Correlatividad para cursado y Correlatividad para final que son justamente las columnas que especifican qué materias se necesitan cursadas y/o aprobadas previamente a intentar cursar y/o aprobar cualquiera de las materias que conforman dicho plan.
Por otra parte, es importante considerar que el orden preferencial de dictado de las materias de un plan de estudios obliga a los docentes de dichas materias a coordinar tanto los días y horarios del dictado de las mismas, como las fechas de exámenes, los horarios de consulta, etc. Fuera de ese orden preferencial los docentes no tienen obligación de coordinar estas cuestiones. Si un alumno decidiera cursar una materia a contra-cuatrimestre (es decir, en un cuatrimestre diferente al indicado por el plan de estudios de su carrera) o cursar varias materias que no están indicadas para un mismo año y cuatrimestre dentro del plan, podría suceder que existan superposiciones de horarios o de fechas de exámenes. Estas circunstancias, necesariamente, deberán ser resueltas por cada alumno de forma particular.",Inscripción a materias
¿En qué situaciones se solicita un cambio de comisión?,"Ante el conflicto de horarios entre las materias que desees cursar en un mismo cuatrimestre o por motivos laborales, y siempre que haya múltiples comisiones de cursado de una materia, podés solicitar un cambio de comisión.",Cambio de comisiones
¿Cómo se solicita un cambio de comisión?,"Para solicitar el cambio de comisión en una materia debés dirigir una nota de solicitud de cambio de comisión al Departamento a cargo del dictado de la materia en cuestión. Te recomendamos redactar una breve nota, especificando claramente a qué comisión solicitás ser transferido y el motivo por el cual realizás la solicitud (colisión de horarios con otra/s materia/s de la carrera, motivos laborales, etc.). En el caso de que la colisión de horarios sea con un trabajo, deberás adjuntar un certificado expedido por tu lugar de empleo. Dicha nota debe ser entregada en la administración del Departamento Académico correspondiente.",Cambio de comisiones
¿Pueden no otorgarme un cambio de comisión?,"Los cambios de comisión no son trámites sino solicitudes. El Departamento Académico evaluará tu solicitud y puede o no otorgar el cambio de comisión de cursado en función de los fundamentos que brindes para tal solicitud y de la cantidad de solicitudes que se reciban. Esta decisión generalmente se toma durante los primeros días del cuatrimestre, por lo cual es recomendable realizar la solicitud lo antes posible y, mientras tanto, no dejar de asistir a clase. Inicialmente, podés asistir a clases en el horario o comisión que más te convenga. Una vez que el Departamento resuelva tu solicitud deberás asistir a la comisión de cursado que te asignen porque los exámenes y otras instancias de evaluación los vas a tener que rendir en dicha comisión.",Cambio de comisiones
¿Qué es una equivalencia?,"Una equivalencia entre asignaturas es el acto académico-administrativo por el cual la UNS reconoce la correspondencia entre una asignatura o grupo de asignaturas aprobadas o cursadas por un alumno, con una asignatura o un grupo de asignaturas de un plan vigente de una carrera en la UNS.El origen de esa equivalencia puede ser:INTERNA, si la materia fue cursada y/o aprobada en otra carrera dictada por la UNS.INTERNACIONAL, si la materia fue aprobada en una Institución de Educación Superior extranjera que tiene Convenio de movilidad con la UNS.EXTERNA, si la materia fue aprobada en una Institución de Educación Superior Nacional, Provincial, universitaria o no universitaria, pública o privada, reconocida por el estado Nacional. También pueden considerarse materias provenientes de Universidades Extranjeras, previa legalización de la documentación.",Equivalencias
¿Cómo es el proceso de solicitud de equivalencias?,"El trámite de solicitud de equivalencias varía en función del origen de la equivalencia. Si se trata de equivalencias internas (por ejemplo, tras un pase de carreras en la UNS) recién una vez efectivizado el pase de carreras o el alta en el cursado paralelo se puede iniciar el trámite de solicitud de equivalencias, cuyo otorgamiento estará supeditado a la decisión del Consejo Departamental de los departamentos a cargo del dictado de las materias involucradas en el proceso de solicitud de equivalencias. El procedimiento para solicitar equivalencias es el siguiente:
Comparar y contrastar los programas curriculares de las materias en cuestión, verificando que los contenidos de la materia por la que se solicita equivalencia estén cubiertos en la o las materias para las que se tiene el examen final aprobado. Para esto se necesitan los programas curriculares de las materias de interés, que se pueden descargar desde la página del departamento a cargo del dictado de la materia en cuestión.
Solicitar en el Departamento de origen:
una copia certificada del analítico de alumnx.
una copia certificada del programa de las materias con final aprobado involucradas en la solicitud.
El proceso de solicitud de equivalencias se inicia a partir de una solicitud al Consejo Departamental del departamento que administra la carrera para la cual estás solicitando equivalencias. Se envía una nota comunicando que se desea solicitar equivalencias, indicando qué equivalencias se solicitan, y se presenta la documentación indicada en el ítem anterior. Para consignar las equivalencias solicitadas al Consejo Departamental del DCIC se puede utilizar la planilla provista en este enlace. Una vez que el Consejo Departamental evalúa el pedido se elabora un expediente el cual incluye, además de la información de alumnx de la UNS, todas las solicitudes de equivalencia que se consignen en el trámite.
Cada solicitud de equivalencia es evaluada por la Unidad Académica correspondiente, la cual decide finalmente si corresponde o no aprobar la solicitud. Por ejemplo, en el DCIC se evalúan solamente aquellos pedidos sobre materias dictadas en el DCIC, mientras que en el caso de materias como Análisis Matemático I, dicho pedido puede ser derivado por el DCIC para ser tratado por el Departamento de Matemática. No obstante esto, independientemente de la materia para la cual se solicita la equivalencia, es importante recordar que la solicitud debe presentarse en el Departamento de cabecera. La solicitud de equivalencia puede o no ser otorgada, y en algunos casos se otorga a condición de que el estudiante rinda un examen para acreditar contenidos suplementarios.
Por último, es importante tener en cuenta que las carreras dictadas por el DCIC tienen requisitos de nivelación: se deben aprobar las nivelaciones correspondientes, o eventualmente solicitar una exención a dichos requisitos por medio de un pedido de excepción.
Si se trata de equivalencias externas o internacionales (por materias aprobadas fuera de la UNS) las consultas o inicio de trámite de equivalencias se realizan en la Dirección de Ingreso y Certificaciones: http://uns.edu.ar/contenidos/39/752#dir.-de-ingreso-y-certificaciones---funciones",Equivalencias
¿Qué debo tener en cuenta antes de comenzar el trámite?,"Las equivalencias cualquiera sea su origen pueden solicitarse durante todo el año lectivo. 

Independientemente de la materia para la cual se realice un pedido de equivalencia, la solicitud debe presentarse en el Departamento de cabecera del estudiante. Es decir, debe realizarse en el Departamento que administra la carrera para la cual se solicitan equivalencias, y no en el Departamento encargado del dictado de la materia cuya aprobación está siendo solictada.

Las equivalencias registradas en la carrera de destino no cuentan para mantener la condición de alumno regular en la carrera. Las TABLAS DE EQUIVALENCIAS entre diferentes carreras o planes de estudio serán registradas en la Historia Académica del estudiante a partir de la habilitación de la carrera destino en Guarani3W.",Equivalencias
¿Qué es un pase de carrera?,"Un pase de carrera es un trámite por el cual un estudiante decide cambiar su carrera actual por una diferente; es decir, se da de baja la carrera actual y se habilita la nueva carrera elegida.
Una vez realizado el pase de carrera, el estudiante no podrá volver a la carrera inicial hasta
después de transcurridos dos (2) años, salvo en la primera oportunidad que decida volver a la misma, supuesto en que podrá hacerlo en el primer período de pases de carrera inmediato al cambio.",Pase de Carrera
¿Cómo hago para tramitar un pase de carrera?,"El trámite de pase de carrera se realiza únicamente durante períodos establecidos en el Calendario Académico y de forma online por medio de la web de la Dirección de Gestión Administrativa Curricular: http://www.uns.edu.ar/contenidos/443/976#tramites-online
Para realizar el trámite es necesario digitalizar el DNI de ambas caras y completar un formulario.

Una vez realizado el trámite, éste se verá reflejado en el perfil de estudiante del sistema SIU Guaraní el primer día hábil establecido para la inscripción a materias del período lectivo inmediato siguiente.",Pase de Carrera
¿Qué es una baja por inactividad? ¿Cuándo ocurre?,"La gran mayoría de las actividades académicas en la UNS (cursar materias, rendir exámenes finales, participar de proyectos, becas, deportes, etc.) requieren que los estudiantes sean alumnos regulares de alguna carrera dictada por la UNS. Para ser alumno regular en tu carrera es necesario aprobar el examen final de al menos UNA (1) materia del plan de estudio en dos años corridos a partir del 31 de marzo del año de ingreso a la carrera, y aprobar el examen final de al menos UNA (1) materia del plan de estudios cada dos años a partir de entonces.
Al no cumplir con este requisito, un estudiante pierde su condición de alumno regular y se le aplica la baja por inactividad. Este proceso se realiza el 30 de marzo de cada año. Es muy importante destacar que la aprobación de suficiencias de idioma o de computación, idiomas, equivalencias y reválidas no son contabilizadas para conservar la regularidad.",Baja de Carrera/Reincorporación
¿Qué implica que me hayan dado de baja por inactividad?,"Al perder su condición de alumno regular, un estudiante no puede desarrollar actividades académicas, tales como inscribirse a materias, cursar materias o rendir exámenes finales; realizar trámites administrativos en la UNS (salvo el trámite de reincorporación), acceder a servicios como sanidad, comedor y biblioteca, o inscribirse a becas y subsidios o programas de movilidad.",Baja de Carrera/Reincorporación
"Si por de perder mi condición de alumno regular, ¿puedo pedir una prórroga a mi regularidad?","No, no se puede solicitar una prórroga a la regularidad. Cuando un estudiante es dado de baja por inactividad puede tramitar una reincorporación en los plazos establecidos en el calendario académico. Las únicas situaciones en las que es posible exceptuar a los estudiantes de la baja por inactividad se encuentran detalladas en la resolución CSU 757/13.",Baja de Carrera/Reincorporación
¿Cómo hago para reincorporarme a mi carrera en la UNS? ¿Qué es una reincorporación? ¿Y qué implica?,"Si fuiste dado de baja por inactividad o por falta de documentación en el proceso de ingreso a la UNS podés tramitar la reincorporación a tu carrera, obteniendo nuevamente la condición de alumno regular en la misma. La reincorporación es un trámite que se realiza a través de la página web de la Dirección de Gestión Administrativa Curricular (DGAC) durante los períodos establecidos en el Calendario Académico de la UNS. Para realizar el trámite es necesario digitalizar el DNI de ambas caras y completar un formulario.Es muy importante recordar que toda REINCORPORACIÓN se realizará al último plan vigente de la carrera, y que si tenés materias aprobadas con más de 10 años de antigüedad deberás realizar el trámite de REVÁLIDA de las mismas.",Baja de Carrera/Reincorporación
¿En qué consiste el Examen Integral de Inglés (5er año - ISI)?,"El Examen Integral de Inglés es un requisito de la Ing. en Sistemas de Información, el cual debe ser aprobado antes de comenzar a cursar las materias de 5to año. En el mismo, se evalúan conocimientos de vocabulario, gramática y comunicación oral. Los contenidos evaluados son definidos por el Programa de Idioma Inglés de la UNS, podes ver más información mediante el siguiente link.https://uns.edu.ar/contenidos/410/912#examenes-de-suficiencia",Suficiencias de Idiomas
¿Cómo me puedo anotar en el Examen Integral de Inglés (5er año - ISI)?,Te podes anotar a través del sistema Guarani3W >> Exámenes. Busca una mesa titulada “Examen Integral de Inglés para Ing. de Software” (cod 7659).,Suficiencias de Idiomas
¿Cómo me puedo preparar para el Examen Integral de Inglés (5er año - ISI)?,"El examen evalúa contenidos del nivel B1 de inglés. Podes buscar tests online para ver qué tan preparado estás!Si consideras que no estás en condiciones de rendir, te recomendamos que te inscribas a los cursos ILE dictados por la UNS. Para esto primero tenes que presentarte al examen diagnóstico para saber qué nivel de ILE te corresponde cursar.Cuando alcances y apruebes el nivel ILE IIB podrás pedir una equivalencia con el examen integral de inglés.",Suficiencias de Idiomas
¿La nota del el Examen Integral de Inglés (5er año - ISI) afecta mi promedio? ¿Cuántas veces lo puedo rendir?,"El resultado del examen es Aprobado/Desaprobado y no afecta tu promedio. Además, podes rendir el examen todas las veces que sean necesarias y una vez aprobado no tiene vencimiento.",Suficiencias de Idiomas
¿Puedo presentar alguna equivalencia para tener aprobado el examen?,"Si! El Departamento de Humanidades de la UNS estableció una equivalencia entre el First Certificate in English (FCE) y los exámenes de Inglés requeridos por las carreras del DCIC. Adicionalmente, si aprobas el nivel IIB del curso Inglés como Lengua Extranjera dictado por la UNS, podes pedir la aprobación del Examen Integral de Inglés.",Suficiencias de Idiomas
¿Qué es una materia optativa?,"Las optativas son materias en el plan de estudios de algunas carreras de la UNS, las cuales quedan a elección del estudiante entre una nómina de optativas aprobadas por el Departamento Académico que administra dicha carrera.",Optativas
¿Dónde puedo ver las materias optativas disponibles?,"Al inicio de cada cuatrimestre, el Consejo Departamental de cada Departamento Académico aprueba la nómina de materias optativas que se ofrecerán en tal cuatrimestre. En el caso de las optativas ofrecidas por el DCIC, dicha nómina junto con los requisitos de correlatividad exigidos por cada materia se publican en el sitio web y redes sociales del DCIC.",Optativas
¿Cómo me inscribo a una materia optativa?,"Para inscribirte en una materia optativa deberás:
Descargar la planilla correspondiente por el sistema SIU Guaraní, completarla y enviarla por mail a la Administración del Departamento Académico (en el caso del DCIC es administracion@cs.uns.edu.ar) junto con tu nombre completo, carrera y LU, y con asunto ""Inscripción a materia optativa"". Si bien la planilla tiene lugar para dos materias, basta con que completes uno de los lugares con la materia a la que deseás inscribirte.
Una vez procesada tu solicitud en la Administración del Departamento, se te habilitará la materia en el sistema SIU Guaraní para que puedas inscribirte a ella. Deberás entonces acceder nuevamente al sistema SIU Guaraní, y anotarte a dicha materia como lo realizás normalmente para cualquier otra materia de tu plan de estudios. Te recomendamos que chequees con frecuencia el sistema SIU Guaraní (dos o tres días después de enviar la solicitud), para completar efectivamente este último paso de la inscripción.
Tené en cuenta que la inscripción a materias optativas se encuentra habilitada hasta la fecha en la que finaliza la inscripción a materias del cuatrimestre en curso, tal y como se establece en el Calendario Académico de la UNS. No obstante esto, en cuanto elijas alguna materia optativa, te recomendamos ponerte en contacto con los docentes a cargo del dictado de dicha materia para interiorizarte acerca de su fecha de inicio de actividades.",Optativas
¿Qué detalles debo tener en cuenta?,"Las materias optativas tienen sus propios requisitos de correlatividad, los cuales deben ser cumplidos para poder cursar la materia. Además, se deben cumplir los prerrequisitos establecidos en el plan de estudios de la carrera para poder cursar optativas (tener suficiencias de idioma aprobadas, tener determinada cantidad de materias aprobadas, haber aprobado todas las materias hasta determinado año de la carrera, etc.). Por último, no todas las carreras tienen materias optativas en su plan de estudios: en el caso del DCIC, la Licenciatura en Ciencias de la Computación y la Ingeniería en Computación tienen materias optativas en sus planes, no así la Ingeniería en Sistemas de Información.",Optativas
¿Qué es una materia extracurricular?,"Las extracurriculares son materias que no pertenecen al plan de estudios de la carrera a la que el estudiante se encuentra inscripto. Si bien todas las materias en la UNS pueden cursarse como oyente, la solicitud de inscripción a una materia como extracurricular permite que dicha materia y su calificación consten en el anaĺítico e historia académica del estudiante, si bien no impactarán de forma alguna en su promedio.",Extracurriculares
¿Cómo me inscribo a una materia extracurricular?,"Para solicitar el cursado en forma extracurricular de materias, sean estas materias optativas o materias curriculares de otras carreras, deberás seguir los siguientes pasos:
1) Ingresar a tu perfil en el sistema SIU Guaraní.
2) Seleccionar la carrera ""Extracurricular"" en la esquina superior derecha.
3)En el apartado ""Matrícula"" del menú, seleccionar la opción ""Pedido de Materias Extracurriculares"".
4) Activar la opción ""Ver todas las materias"" y buscar la materia en la que desees inscribirte en forma extracurricular.
5) En este punto el sistema te mostrará una pantalla en la que se indica la materia elegida y el Departamento a cargo de su dictado. Allí deberás hacer click en ""Formulario de Solicitud de Materia Extracurricular"" para descargar el formulario generado por el sistema.
6) Deberás enviar por e-mail dicho formulario al Departamento correspondiente, quien lo remitirá a la Dirección General de Gestión Académica de la UNS, para que luego se te habilite la inscripción por el sistema Guaraní a la materia solicitada. Hay que tener en cuenta que esto puede demorar algunos días desde el envío del formulario de solicitud.
7) Por último, deberás inscribirte en la materia correspondiente a través del sistema Guaraní, como lo realizás normalmente para cualquier otra materia de tu plan de estudios. Es recomendable chequear regularmente si ya aparece habilitada la posibilidad de inscripción a través del sistema Guaraní. Cabe recordar que la inscripción a materias extracurriculares debe hacerse en el período habilitado para inscripción a materias del cuatrimestre en curso; llegado el caso que esté por finalizar el período de inscripción a materias y la materia extracurricular aún no se encuentre habilitada en SIU Guaraní, el alumno deberá comunicarse con el Departamento Académico que administra su carrera para solucionarlo.",Extracurriculares
¿Qué vigencia tiene el cursado de las materias?,"Los cursados aprobados de las materias de las carreras del DCIC tienen un período de vigencia de 3 cuatrimestres. El vencimiento de un cursado operará el día en el que finalice el período de exámenes válidos para el control de correlatividades del cuatrimestre correspondiente 2 años después, de acuerdo a lo establecido por el Calendario Académico.

La vigencia del cursado de todas las materias de tu carrera está pautada por el Departamento Académico que administra tal carrera, y no por los Departamentos que dictan las materias.

Por ejemplo: Si cursaste Elementos de Álgebra y de Geometría en el primer cuatrimestre de 2023, el cursado se mantendrá vigente durante el segundo cuatrimestre de 2023 y durante todo 2024. El vencimiento del cursado de la materia operará el día en que finalice el período de exámenes válidos para el control de correlatividades del primer cuatrimestre de 2025. Cuando opera el vencimiento de una materia, no podrás rendir el examen final regular de dicha materia. Es decir, tenés que volver a cursarla o rendir su examen final en condición libre.",Vigencia de cursados
¿El vencimiento de una materia provoca el vencimiento de las materias que la tienen como correlativa? (vencimientos en cascada),"El vencimiento de una materia en sí mismo no afecta a las materias que ya tenes cursadas, aún si las mismas tienen como correlativa a la materia vencida.
Estas materias no se ""pierden"", ni se ""caen"" ni se ""vencen en cascada"".
Ojo! tené en cuenta que no podrás rendir el examen final de estas materias hasta que hayas aprobado el examen final de la materia vencida.",Vigencia de cursados
¿Qué es una materia correlativa?,"En el plan de estudios de tu carrera verás que las materias están ordenadas por año y por cuatrimestre. Asimismo, en distintas columnas se indica qué materias tenés que tener cursadas o aprobadas (con examen final) para poder cursar o rendir el examen final de otras. Dichas materias cuyo cursado o aprobación son un prerrequisito para cursar o rendir otra materia se denominan materias correlativas. Por ejemplo: para poder cursar Análisis Matemático II, en el plan de estudios de la Ingeniería en Computación (2013) se requiere tener cursada previamente Análisis Matemático I. Por lo tanto, AM I es correlativa de AM II.",Control de correlativas
¿Qué significa que una materia sea correlativa de otra?,"Si una materia A es correlativa de otra materia B, significa que debés tener A cursada (sin final aprobado) o aprobada (con final aprobado) para poder cursar o rendir la materia B.",Control de correlativas
¿Hay distintos tipos de correlatividad?,"Supongamos que tenemos dos materias: la materia correlativa A (la que es prerrequisito) y la materia dependiente B (que depende de la correlativa). Las correlatividades en el plan de estudios se deben analizar con respecto a ambas materias. Si miramos las correlatividades con respecto a la materia correlativa (A), la correlatividad puede ser fuerte o débil. Si A es correlativa fuerte de B, esto significa que para poder cursar o rendir el examen final de B necesitamos tener aprobada A (con su final aprobado). Por otro lado, si A es correlativa débil de B, esto significa que alcanza con tener A cursada (sin final aprobado) para poder cursar o rendir el examen final de B.
Al analizar las correlatividades con respecto a la materia dependiente (B), la correlatividad puede ser para cursado o para final. Si A es correlativa para cursado de B, esto significa que A es un prerrequisito que debe ser cumplido para poder cursar B. Si, en cambio, A es correlativa para final de B, esto significa que es necesario cumplir con el prerrequisito A para poder rendir el examen final de B.
Veamos un ejemplo: en el plan de estudios de la Ingeniería en Computación (2013), la materia Estructuras de datos (dependiente - B) tiene varias materias correlativas (prerrequisitos - A):
Análisis Matemático I - correlativa débil para cursado, correlativa débil para final
Introducción a la Programación Orientada a Objetos - correlativa débil para cursado, correlativa fuerte para final
Resolución de Problemas y Algoritmos - correlativa fuerte para cursado, correlativa fuerte para final",Control de correlativas
¿Qué es el control de correlativas? ¿Cómo funciona? ¿Cuándo es?,"Durante cada cuatrimestre hay un período de exámenes válidos para el control de correlativas. Dicho período finaliza en una fecha estipulada en el calendario académico de la UNS, y el día de su finalización se realiza por sistema un (primer) control de correlativas. Durante el control de correlativas, se analiza para cada estudiante de la UNS qué materias tiene cursadas (sin final aprobado) y aprobadas (con final aprobado) y, en función de ello, si está en condiciones o no de cursar las materias a las que se haya inscripto para cursar durante dicho cuatrimestre; es decir, el control de correlativas sirve para efectuar un chequeo de correlatividades para cursado. Por lo general, el control de correlativas se realiza aproximadamente un mes luego del cierre de inscripciones a materias. Transcurrido el control de correlativas, la inscripción a una materia cambia de estado PENDIENTE a ACEPTADA (si el estudiante pasa el control de correlativas para dicha materia), o queda en estado PENDIENTE o RECHAZADA (si el estudiante NO pasa el control de correlativas para dicha materia). Para más información al respecto consultar este apartado.
A la hora de cursar materias durante un cuatrimestre específico, es importante asegurarse de cumplir con todos los requisitos de correlatividad de dichas materias antes de la fecha de finalización del período para rendir exámenes válidos para el control de correlativas correspondiente a tal cuatrimestre (comúnmente denominada fecha del control de correlativas).",Control de correlativas
¿Y si no cumplo con los requisitos del control de correlativas?,La inscripción a una materia puede quedar en estado PENDIENTE o RECHAZADA si el estudiante NO pasa el control de correlativas para el cursado de dicha materia,Control de correlativas
¿Qué pasa si aprobé un final antes del control de correlativas pero a esa fecha no tengo cargada la nota en el sistema?,"Al momento de efectuarse los controles de correlativas para el cursado de materias en un determinado cuatrimestre, se consideran las fechas de las mesas de examen final de las materias. Por lo tanto, si un alumno rindió y aprobó el examen final de una materia A con anterioridad a la fecha de finalización del período de exámenes válidos para el control de correlativas, dicha aprobación será tenida en cuenta al momento de realizarse el control. No obstante esto, si el cierre del acta correspondiente a la mesa de examen de la materia A se realiza con cercanía a la fecha del primer control de correlativas o incluso con posterioridad a la misma, es posible que la inscripción al cursado de toda materia B que tenga a A como correlativa fuerte de cursado siga quedando en estado PENDIENTE. Al momento de realizarse el siguiente control de correlativas, en caso de cumplir todos los requisitos de correlatividad restantes, la inscripción a la materia B pasará al estado ACEPTADA.",Control de correlativas
¿Qué es un pedido de excepción?,"Un pedido de excepción es una solicitud que se realiza al Departamento Académico o a alguna otra dependencia de la UNS para poder realizar alguna actividad académica sin cumplir con los requisitos impuestos por los reglamentos vigentes en la UNS para tal actividad.
Por ejemplo, si un estudiante desea inscribirse al cursado de una materia fuera del plazo estipulado por el Calendario Académico, debe solicitar una excepción para hacerlo. Por tratarse de solicitudes y no de trámites, los pedidos de excepción pueden o no ser otorgados.",Solicitudes de excepción
Todos los estudiantes tienen el derecho a peticionar a las autoridades según sus propios intereses.,"Antes de solicitar una excepción a las reglas vigentes, recomendamos analizar antes: ¿estoy en una situación especial que justifica mi pedido?
¿estoy explicando bien mi situación y la necesidad de la excepción?
¿he analizado todas las posibilidades o alternativas a partir de mi situación?",Solicitudes de excepción
¿Qué cosas son solicitudes de excepción?,"Algunos ejemplos de pedidos de excepción son: inscripción fuera de término a materias, prórrogas de vencimiento de materias, equivalencias,
cursar o rendir el final de una materia sin cumplir con los requisitos impuestos en el plan de estudios, cursar una materia habiendo cumplido con los requisitos impuestos por el plan de estudios con posterioridad a la fecha límite para rendir exámenes válidos para el control de correlatividades de cada cuatrimestre.",Solicitudes de excepción
¿Cómo se solicita?,"Generalmente se redacta una nota dirigida al Consejo Departamental del Departamento Académico que administra tu carrera, a la que deberás adjuntar cualquier otra documentación relevante para el tratamiento de la solicitud y tu historia académica resumida que podésobtener por sistema Guaraní. En el siguiente enlace podés encontrar planitllas predefinidas para las solicitudes de excepción más comunes que podés solicitar ante el Consejo Departamental del DCIC: https://cs.uns.edu.ar/~devcs/downloads/EsquemaDeSolicitudes.doc IMPORTANTE: si tu solicitud de excepción involucra a materias de tu carrera que no son dictadas por tu Departamento Académico de cabecera (por ejemplo, si deseás solicitar una prórroga en el vencimiento de la materia Análisis Matemático II y sos alumno de una carrera del DCIC) igualmente deberás realizar la solicitud ante el Consejo Departamental del Departamento que administra tu carrera (en el caso del ejemplo, presentar la solicitud en el DCIC).El Consejo Departamental luego sesiona y evalúa la solicitud, y puede resolver otorgar o no otorgar lo solicitado en función de los argumentos presentados en la nota y de si la situación amerita un tratamiento excepcional.",Solicitudes de excepción
¿Qué son las excepciones generales?,"Además de las solicitudes de excepción particulares que cualquier estudiante puede presentar, hay algunas excepciones generales que están vigentes para todos los estudiantes de las carreras del DCIC y para las cuales no es necesario elevar solicitudes.
Las podés encontrar en el link de nuestra bio!",Solicitudes de excepción
¿Cómo me inscribo a una mesa de examen final de una materia para la cual hay una excepción general?,"Si deseás hacer uso de una excepción general para rendir el examen final de alguna materia de tu carrera, deberás gestionar la inscripción a la mesa de examen correspondiente ante la Dirección de Gestión Administrativa Curricular (DGAC) de la UNS. 

Podés gestionar la inscripción en forma presencial en Av. Alem 1015 (planta baja) o a través del Formulario de Consultas y Reclamos de la DGAC.

Encontrá el link al formulario en nuestra bio!",Solicitudes de excepción
¿Qué es estar en situación de cursado paralelo?,"Un cursado paralelo se da cuando un estudiante está inscripto en dos o más carreras de la UNS en forma simultánea. En otras palabras, si estás estudiando más de una carrera a la vez y registraste tu inscripción a dichas carreras, entonces estás en situación de cursado paralelo.",Cursado Paralelo
¿Existe alguna salvedad con respecto a las correlativas?,"Al estar en situación de cursado paralelo, la aprobación del cursado y/o examen final de aquellas materias compartidas entre las múltiples carreras (que tengan el mismo código en el plan de estudios de las carreras) valen para todas esas carreras y son reconocidos de forma automática, sin necesidad de realizar ningún trámite adicional. Sin embargo, es muy importante tener en cuenta que para poder cursar y rendir materias, en los casos de cursado paralelo, debés cumplir con las correlatividades exigidas para todas las carreras involucradas en el cursado paralelo. Todos estos requisitos deberán cumplirse al momento de inscribirte en la mesa de examen final o al momento de efectuarse control de correlativas de un cuatrimestre dado, según corresponda. Lo mismo aplica a otras exigencias especiales o requisitos adicionales del plan de estudios de las carreras involucradas en el cursado paralelo (examen de suficiencia de idioma, etc.). Veamos un ejemplo:

Supongamos que un estudiante está en cursado paralelo en la Ingeniería en Computación (IC) y en la Ingeniería en Sistemas de Información (ISI). La materia Sistemas Operativos (5949) es común a ambas carreras. Para poder cursar Sistemas Operativos, en ambos planes de estudio se pide Organización de Computadoras (5744) aprobada (correlativa fuerte para cursado), y además:

En el plan de la IC se pide tener Arquitectura de Computadoras para Ingeniería (7526) cursada.
En el plan de la ISI se pide tener Arquitectura de Computadoras (5561) cursada.

Por hallarse en cursado paralelo, para poder cursar Sistemas Operativos (5949) el estudiante deberá tener:

Organización de Computadoras (5744) aprobada
Arquitectura de Computadoras para Ingeniería (7526) cursada.
Arquitectura de Computadoras (5561) cursada.

Es decir, para poder cursar Sistemas Operativos el estudiante deberá cumplir los requisitos de correlatividad de cursado establecidos por el plan de estudios de ambas carreras (IC e ISI).",Cursado Paralelo
¿Cómo hago para darme de alta o de baja en un cursado paralelo?,"El trámite de alta o baja en un cursado paralelo se realiza únicamente durante períodos establecidos en el Calendario Académico y de forma online por medio de la web de la Dirección de Gestión Administrativa Curricular (DGAC): 
http://www.uns.edu.ar/contenidos/443/976#tramites-online
Para realizar el trámite es necesario digitalizar el DNI de ambas caras y completar un formulario.

Una vez realizado el trámite, éste se verá reflejado en el perfil de estudiante del sistema SIU Guaraní el primer día hábil establecido para la inscripción a materias del período lectivo inmediato siguiente.",Cursado Paralelo
¿En qué consiste el Examen de Suficiencia de Inglés (3er año - IC/ISI/LCC)?,"El Examen de Suficiencia en Idioma Inglés es un requisito de las tres carreras que dicta el DCIC, y se debe aprobar antes de comenzar a cursar las materias de 3er año.",Suficiencias de Idiomas
¿Cómo me puedo anotar al Examen de Suficiencia de Inglés (3er año - IC/ISI/LCC)?,Te podes anotar a través del sistema Guarani3W >> Exámenes. Busca una mesa titulada “Examen de Suficiencia de Idioma Ingles” (cod 5596),Suficiencias de Idiomas
¿Cómo me puedo preparar para Examen de Suficiencia de Inglés (3er año - IC/ISI/LCC)?,"No existe material específico de preparación para el examen. Si no posees conocimiento del idioma, recomendamos que te inscribas en el Nivel I del Curso de Lectura Comprensiva de Textos en Inglés (Para más info, segui el link de nuestra bio)
https://uns.edu.ar/contenidos/410/912#examenes-de-suficiencia",Suficiencias de Idiomas
¿La nota del Examen de Suficiencia de Inglés (3er año - IC/ISI/LCC) afecta mi promedio? ¿Cuántas veces lo puedo rendir?,"El resultado del examen es Aprobado/Desaprobado y no afecta tu promedio. Además, podes rendir el examen todas las veces que sean necesarias y una vez aprobado no tiene vencimiento.",Suficiencias de Idiomas
¿Puedo presentar alguna equivalencia para tener aprobado el Examen de Suficiencia de Inglés (3er año - IC/ISI/LCC)?,"Si! El Departamento de Humanidades de la UNS estableció una equivalencia entre el First Certificate in English (FCE) y los exámenes de Inglés requeridos por las carreras del DCIC. Adicionalmente, se establece una equivalencia entre la aprobación de los cursos de Lectura Comprensiva de Inglés dictados por la UNS y el examen de suficiencia de inglés.",Suficiencias de Idiomas
¿Que es la Reinscripción Anual?,"Es un trámite necesario para continuar realizando actividades académicas (cursados y
exámenes) en el año actual.
Esta reinscripción se deberá realizar todos los años y para cada carrera en estado regular.",Inscripción a materias
¿Cómo se hace la reinscripción Anual?,"Este trámite se realiza exclusivamente por GUARANÍ3W a partir del primer día habil de
enero de cada año.
Ingresa a tu cuenta de Guaraní 3W con tu usuario (legajo) y contraseñaEn el margen superior derecho seleccionar la carrera
Hacer click en Reinscripción Anual
Solapa Matricula
Actualizar datos Censales- Pasar por todas las pestañas y Guardar
Confirmas y listo
Es muy IMPORTANTE mantener actualizado tu correo electrónico",Inscripción a materias
¿Cuando es la inscripción en el Cursado de Materias?,"Al inicio de cada cuatrimestre se abre el período de inscripción en las asignaturas a cursar.
Podes ver las fechas en nuestro Calendario Académico.
https://www.uns.edu.ar/alumnos/calendario-academico",Inscripción a materias
¿Cómo me inscribo en las materias?,"Ingresa a tu cuenta de Guaraní 3W con tu usuario (legajo) y contraseña

En el margen superior derecho seleccionar la carrera que estás estudiando

Ir a la pestaña 'Cursadas' hacer click en 'Inscripción'

Aparecen todas las materias disponibles a cursar

Click en inscribirse y listo!!!

Repetir los dos últimos pasos en cada materia elegida.
Listo ya te inscribiste!!",Inscripción a materias
¿Qué pasa si tengo que cursar una materia anual?,"La inscripción a las materias anuales se realiza en el primer cuatrimestre, para que se active la
inscripción a la misma, debes cumplir con las correlativas a la fecha del control del primer

cuatrimestre según establece el Calendario Académico.",Inscripción a materias
¿Qué significa que mi inscripción figure en estado Pendiente?,"Todas las inscripciones a materias van a permanecer Pendientes hasta el día que finaliza
el “período de exámenes válidos para el control de correlativas de materias” que aparece en
el Calendario Académico",Inscripción a materias
¿Cuándo se activa la cursada?,"Finalizado el control mencionado anteriormente, tu materia pasa a estar “Activa” o permanecer
&quot;Pendiente&quot;
En caso de figurar &quot;Pendiente&quot; podés visualizar el motivo por el cual se encuentra en ese estado y
con esta información realizas tu consulta en tu Departamento Académico correspondiente.",Inscripción a materias
¿Puedo recursar una materia?,"Sí, podes volver a cursar una materia, siempre que la misma no tenga el final aprobado. La
inscripción a la asignatura se realiza de forma habitual.",Inscripción a materias
¿Qué sucede con la cursadas cuando tengo un cursado paralelo?,"Se establece que para poder cursar y rendir asignaturas, en los casos de cursados paralelos, el
alumno deberá contar con las correlatividades exigidas para todas las carreras involucradas.",
¿Cómo me inscribo a materias Optativas?,"Optativas:
 Paso a paso
Ingresa a tu cuenta de Guaraní 3W con tu usuario (legajo) y contraseña
En el margen superior derecho seleccionar la carrera
Ir a la Pestaña Consulta desplegar seleccionar Optativa, descargá el PDF con el formulario a
completar y enviar al Departamento.
Esperar a que la materia aparezca disponible en tu cuenta de G3W para realizar la inscripción a la
cursada de la forma habitual.",Optativas
¿Cómo me inscribo a materias Extracurriculares?,"Extracurricular:
Paso a paso
Ingresa a tu cuenta de Guaraní 3W con tu usuario (legajo) y contraseña
En el margen superior derecho seleccionar la carrera (EXT) EXTRACURRICULAR
Ir a la pestaña Matricula seleccionar pedido de Extracurriculares
Seleccionar Departamento
Seleccionar materia Extracurricular

Descargar PDF y enviar al Departamento seleccionado
Esperar a que la materia aparezca disponible en tu cuenta de G3W para realizar la inscripción a la
cursada.",Extracurriculares
¿Cuándo puedo solicitar equivalencias?,En cualquier momento del año,Solicitudes de excepción
Hay Equivalencias Automáticas?,"Las materias con el mismo Código y Nombre se registrarán automáticamente en
la historia académica de la nueva carrera. 
Por tabla de equivalencia, en estos casos el Departamento Académico debe emitir
una resolución aprobando dicha tabla y la DGAC registrará la misma en la historia
académica en los plazos establecidos (antes de la fecha tope de control de
correlativas)",Solicitudes de excepción
Equivalencias por solicitud,"Si la equivalencia que querés solicitar no se encuentra dentro de las opciones anteriormente mencionadas, debes solicitar la misma en el Departamento
Académico correspondiente.",Solicitudes de excepción
Puedo solicitar la Baja de la UNS?,"Implica la baja definitiva y total de la UNS, generalmente se solicita para realizar
pase a otra Universidad o por motivos personales. Con este formulario la solicitas
desde nuestra web en cualquier momento del año en el link de Trámites online",Baja en la uns
Como solicito la Excepción a la baja CSU 757/2013 Art. 3,"Si te encontrás en condiciones de solicitar la Excepción a la Baja por Resolución 757/13
art. 3. Completa el formulario en https://www.uns.edu.ar/contenidos/443/1334#excepcion-a-la-baja-res.-
757/2013-art.-3 y envíalo a la Dirección De Gestión Administrativa Curricular al siguiente
correo dgac@uns.edu.ar",Baja en la uns
"Como hago un trámite de Reincorporación, Pase de Carrera o Cursado Paralelo?","Descargá y completá el formulario en https://www.uns.edu.ar/contenidos/443/1210#formularios
Verificá el periodo habilitado para los trámites en el Calendario académico
Subí el formulario en Trámites online",Reincoporacion
Cómo hacer pedidos formales al Consejo Departamental?,"Los estudiantes realizan pedidos al Consejo Departamental por muchas
razones, tales como excepciones a los reglamentos o equivalencias entre
materias. Es importante explicar bien la solicitud para un mejor
tratamiento. Todos los alumnos tienen el derecho a peticionar a las
autoridades según sus propios intereses.
Si vas a solicitar una excepción a las reglas vigentes, recomendamos
analizar antes:
o ¿estoy en una situación especial que justifica mi pedido?
o ¿estoy explicando bien mi situación y la necesidad de la excepción?
o ¿he analizado todas las posibilidades o alternativas a partir de mi
situación?
Si necesitás antes ayuda, podes consultar a la Secretaría Académica, a los
tutores o a cualquiera de los docentes del DCIC.
Además, hay algunas excepciones que están vigentes y para las cuales no
es necesario pedir excepción:
En https://cs.uns.edu.ar/~devcs/institucional/consejo hay modelos de planilla de solicitudes.",Solicitudes de excepción
¿Qué carreras ofrece el DCIC?,"El DCIC ofrece tres carreras de grado: Licenciatura en Ciencias de la Computación,
Ingeniería en Computación e Ingeniería en Sistemas de Información.",Informativo DCIC
¿Cuál es la duración de las carreras del DCIC?,Las tres carreras que ofrece el DCIC tienen una duración de 5 años.,Informativo DCIC
¿Cuál es la diferencia entre las tres carreras?,"Para conocer más detalles acerca de cada una de nuestras carreras y sus diferencias, te
recomendamos mirar el siguiente video:
https://youtu.be/TDanbkXzPFQ",Informativo DCIC
¿Cuál de las tres carreras es mejor? / ¿Cuál de las tres carreras tiene más salida laboral?,"Ninguna de las tres carreras es mejor que las otras. Todas las carreras del DCIC poseen un
muy buen nivel y brindan una sólida formación a sus egresados.
Para mayor información acerca de la diferencia entre las carreras te recomendamos mirar el
siguiente video: https://youtu.be/TDanbkXzPFQ
En particular, las tres carreras brindan a sus egresados la capacidad de crear software para
brindar soluciones a muchos problemas, ya sea mediante el desarrollo de aplicaciones web,
aplicaciones móviles, aplicaciones para robots u otro hardware específico, redes sociales,
videojuegos, sistemas operativos, sistemas de redes, sistemas inteligentes, etc.
Si bien los egresados de cada una de las tres carreras tienen un perfil distinto, la realidad es
que hoy en día muchos puestos de trabajo pueden ser cubiertos por egresados de
cualquiera de las tres carreras del DCIC.
La formación de las carreras del DCIC brinda a sus egresados la posibilidad de adaptarse a
distintos perfiles, y complementar las habilidades o conocimientos adquiridos previamente.",Informativo DCIC
"¿Si empiezo a estudiar una de las carreras y después me quiero cambiar a otra, puedo hacerlo? / Sé que quiero estudiar computación pero no sé bien cuál de las tres carreras estudiar. ¿Qué puedo hacer?","Las tres carreras comparten la gran mayoría de las materias en los primeros dos años. Esto
fue diseñado así para facilitar la movilidad de alumnos del DCIC que arrancaron una de
nuestras carreras y desean cambiarse a otra. Este tronco común permite que los cambios
de carrera sean un poco más fáciles en los primeros años de la carrera.
Si no terminás de decidir cuál de las carreras querés estudiar, podés inscribirte en
cualquiera de ellas y una vez que empieces a cursar las materias vas a poder darte cuenta
de qué es lo que más te gusta y, en caso de ser necesario, cambiarte a alguna de las otras
sin tener que empezar de cero.
Teniendo en cuenta todo esto que te contamos acerca de las carreras del DCIC, si sabés
que querés estudiar computación pero no estás seguro acerca de cuál de las carreras es la
que más te gustaría, no te preocupes! Quedate tranquilo que en el DCIC vas a poder
estudiar una carrera de computación que te asegurará trabajo en el futuro y que tiene muy
buen nivel!",Informativo DCIC
¿Las carreras tienen mucha matemática?,"Las tres carreras poseen algunas materias de matemática, sobre todo en los primeros años.
Estas materias son importantes ya que facilitan el desarrollo del pensamiento abstracto y
computacional, y fortalecen las capacidades de razonamiento requeridas para la resolución
de problemas.",Informativo DCIC
¿Son buenas las carreras de computación del DCIC?,"Las carreras del DCIC tienen un muy buen nivel, y sus egresados son ampliamente
reconocidos (tanto en el país como en el resto del mundo).",Informativo DCIC
¿Qué validez tiene el título de las carreras del DCIC?,"Las tres carreras del DCIC se encuentran acreditadas por el Ministerio de Educación de la
Nación. Esto implica que sus títulos tienen validez oficial en todo el país.
Por otra parte, las carreras del DCIC otorgan un título que suele ser considerado
equivalente a un MSc (Master of Science) en otras partes del mundo.",Informativo DCIC
¿Qué es el plan de estudios de la carrera? / Cómo sé en qué orden tengo que hacer las materias?,,Informativo DCIC
¿Qué es programar?,"En pocas palabras, programar es decirle a una computadora, en un idioma que ella
entiende, qué hacer para resolver un problema. Para ello, en general, se le indica una
secuencia de instrucciones o pasos que tiene que seguir para resolver la tarea en cuestión.
El sitio web code.org te brinda distintas alternativas para explorar y tener un primer contacto
con la programación.
En particular, te recomendamos realizar alguna de las actividades de la Hora de Código
(https://code.org/hourofcode/overview).
Por ejemplo, uno de los tutoriales básicos es el Laberinto Clásico de Angry Birds
(https://studio.code.org/hoc/1)",Informativo DCIC
¿Cómo puedo tener un primer contacto con la programación?,"El sitio web code.org te brinda distintas alternativas para explorar y tener un primer contacto
con la programación.
En particular, te recomendamos realizar alguna de las actividades de la Hora de Código
(https://code.org/hourofcode/overview).
Por ejemplo, uno de los tutoriales básicos es el Laberinto Clásico de Angry Birds
(https://studio.code.org/hoc/1).",Informativo DCIC
"¿Tengo que tener conocimientos previos de computación o de
programación?","No es necesario que tengas conocimientos previos de computación en general, ni de
programación. Las tres carreras que ofrece el DCIC te enseñan desde cero. En particular,
desde sus primeras materias se empiezan a enseñar conocimientos de programación.",Informativo DCIC
¿Tengo que saber Inglés para estudiar una de las carreras del DCIC?,"Si bien no es necesario que tengas una formación previa en Inglés para estudiar las
carreras del DCIC, las tres carreras poseen un examen de suficiencia de idioma Inglés que
debe ser aprobado antes de comenzar a cursar las materias de tercer año en adelante.
Además, la Ingeniería en Sistemas de Información posee un examen integral adicional, que
debe ser aprobado antes de cursar las materias de quinto año.
La UNS ofrece cursos gratuitos de Inglés que pueden servirte para prepararte para rendir
dichos exámenes, o para ampliar tus conocimientos de Inglés.
Para mayor información acerca de los cursos de Inglés que ofrece la UNS te
recomendamos dirigirte a la página del Programa de Idioma Inglés de la UNS
(http://www.uns.edu.ar/contenidos/programa-ingles) o a su página de Facebook
(https://www.facebook.com/InglesUns)",Suficiencias de Idiomas
"¿Cómo tengo que hacer para inscribirme en una de las carreras del
DCIC?","Para mayor información te recomendamos mirar el apartado dedicado a ingresantes en la
página web de la UNS: http://www.uns.edu.ar/ingreso
Además, te recomendamos acercarte al stand de Secretaría General Académica de la UNS.",Informativo DCIC
¿Cómo es el trámite de inscripción?,"Para mayor información te recomendamos mirar el apartado dedicado a ingresantes en la
página web de la UNS: http://www.uns.edu.ar/ingreso
Además, te recomendamos acercarte al stand de Secretaría General Académica de la UNS.",Informativo DCIC
¿En qué fechas me puedo inscribir?,"Para mayor información te recomendamos mirar el apartado dedicado a ingresantes en la
página web de la UNS: http://www.uns.edu.ar/ingreso
Además, te recomendamos acercarte al stand de Secretaría General Académica de la UNS.",Informativo DCIC
¿Qué es la nivelación?,"Las carreras del DCIC tienen vinculadas dos asignaturas de nivelación: Matemática y
Análisis y Comprensión de Problemas.
Para mayor información te recomendamos mirar el apartado dedicado a ingresantes en la
página web de la UNS: http://www.uns.edu.ar/ingreso
Además, te recomendamos acercarte al stand de Secretaría General Académica de la UNS.",Informativo DCIC
¿Dónde puedo conseguir el material de estudio de la nivelación?,"El sitio web de la UNS cuenta con un apartado dedicado a ingresantes en el cual podés
encontrar información acerca de la nivelación, incluyendo el material de estudio.
Los cuadernillos y otro material de estudio se encuentran disponibles aquí:
http://www.uns.edu.ar/ingreso/nivelacion/nivelacion_cuadernillos",Informativo DCIC
¿La UNS ofrece becas?,"La UNS ofrece distintos tipos de becas y subsidios, tanto para alumnos ingresantes como
para alumnos que ya se encuentren cursando alguna carrera.
Para mayor información te recomendamos visitar el apartado de la Secretaría General de
Bienestar Universitario en la página web de la UNS:
http://www.uns.edu.ar/contenidos/bienestar
También podés encontrar a la Secretaría de Bienestar de la UNS en redes sociales como
facebook (https://www.facebook.com/BienestarUniversitarioUNS/) o instagram
(https://www.instagram.com/bienestaruns/).
Además, te recomendamos acercarte al stand de Secretaría General de Bienestar
Universitario de la UNS.",Bienestar
¿De qué puedo trabajar si estudio computación?,"Las tres carreras brindan una sólida formación que te va a permitir desenvolverte
profesionalmente en distintos ámbitos.
En particular, nuestros egresados tienen la capacidad de crear software para brindar
soluciones a muchos problemas, ya sea mediante el desarrollo de aplicaciones web,
aplicaciones móviles, aplicaciones para robots u otro hardware específico, redes sociales,
videojuegos, sistemas operativos, sistemas de redes, sistemas inteligentes, etc.
Para ello hacen uso de lenguajes de programación, frameworks de desarrollo, bases de
datos, servidores y otras tecnologías para transformar una idea en el producto final
deseado.
Por una parte, podés trabajar en una empresa que se dedica específicamente a desarrollar
software (ya sea en el diseño, programación, gestión de proyectos, testing, etc.).
Por otra parte, podés trabajar en alguna empresa o institución que pertenezca a otro rubro
pero que tenga un área dedicada de sistemas o de desarrollo y mantenimiento de software.
Además, como graduado de nuestras carreras podés desempeñarte profesionalmente
realizando actividades de docencia y/o investigación en distintas universidades, organismos
científicos u otras instituciones tanto del país como de otras partes del mundo",Informativo DCIC
¿Es difícil conseguir trabajo en computación?,"Hoy en día no es para nada difícil que un graduado del DCIC consiga trabajo en
computación, sino que todo lo contrario.
En la actualidad hay gran demanda de profesionales de computación, y la cantidad de
egresados de las carreras de computación no alcanzan para cubrir las vacantes existentes.
A esto se le suma el hecho de que las carreras del DCIC tienen un muy buen nivel, y sus
egresados son ampliamente reconocidos (tanto en el país como en el resto del mundo).
En particular, en Bahía Blanca existe una gran cantidad de empresas dedicadas al
desarrollo de software, y empresas o entidades dedicadas a otros rubros que poseen áreas
o grupos de trabajo de computación.
Esto hace que haya una gran cantidad y variedad de oportunidades para desarrollarte
profesionalmente, tanto en Bahía Blanca y el resto del país, como en otras partes del
mundo.",Informativo DCIC
"¿Qué modalidades de trabajo existen para un profesional de
computación?","Hoy en día existen muchas formas de trabajo para un profesional en computación.
El factor común suele ser el trabajo en equipo, habiendo gran variedad en cuanto al tamaño
de los equipos de trabajo y su organización (desde un grupo reducido de personas
trabajando en una misma oficina, hasta grandes equipos de trabajo distribuidos en
diferentes lugares).
Sin embargo, cada equipo no necesariamente tiene que estar en el mismo lugar físico. En
particular, esto brinda la posibilidad de trabajar en forma remota para empresas o
instituciones que se encuentren en otras ciudades o países.
Esta característica ayudó a que, a pesar de la pandemia que estamos atravesando, muchos
profesionales de computación puedan seguir trabajando y cumpliendo sus obligaciones en
forma remota sin mayores dificultades",Informativo DCIC
¿Se puede trabajar mientras se estudia?,"Hay alumnos que, ya sea por necesidad o por elección, trabajan mientras estudian. Un
aspecto a tener en cuenta es que los horarios de cursado de las materias varían
cuatrimestre a cuatrimestre. Esto hace que aquellos alumnos que trabajan mientras
estudian necesiten adaptarse.
Suele ocurrir que alumnos avanzados de las carreras del DCIC comiencen a tener sus
primeras experiencias profesionales antes de recibirse.
En particular, dada la gran demanda de profesionales de computación, es muy común que
alumnos avanzados de nuestras carreras reciban ofertas laborales de diferentes empresas
o instituciones.
Además, el DCIC cuenta con programas de pasantías y prácticas profesionales
supervisadas para sus alumnos (esto último siendo un requisito para los alumnos de las
ingenierías).
No obstante esto es importante destacar que, en general, no es necesario contar con
experiencia laboral previa para obtener un trabajo una vez que te recibas.",Informativo DCIC
¿Dónde está el DCIC?,"El edificio del Departamento de Ciencias e Ingeniería de la Computación (DCIC) se
encuentra en el Campus de Palihue de la UNS.
El ingreso principal al campus se encuentra en la calle San Andrés al 800 (barrio Palihue), y
también existe otro acceso por Av. Cabrera.",Informativo DCIC
¿Dónde se cursan las materias de las carreras del DCIC?,"Las materias del DCIC se dictan en distintos edificios de la UNS.
En general, los alumnos de nuestras carreras cursan materias en el edificio de Av. Alem
1253 (edificio central de la UNS), en los distintos edificios de aulas del Campus de Palihue,
o incluso en aulas o laboratorios del edificio del DCIC.",Informativo DCIC
Posgrado,,
Justifico una falta un examen,,
Bienestar,,
Elecciones,,